timestamp, temperature.gpu, power.draw [W], memory.used [MiB], utilization.gpu [%], clocks.current.sm [MHz], clocks.current.memory [MHz]
2026/07/20 08:54:21.998, 51, 8.80 W, 312 MiB, 0 %, 180 MHz, 405 MHz
2026/07/20 08:54:27.005, 52, 27.24 W, 608 MiB, 0 %, 1590 MHz, 14001 MHz
2026/07/20 08:54:32.006, 53, 27.31 W, 640 MiB, 0 %, 1590 MHz, 14001 MHz
2026/07/20 08:54:37.007, 53, 27.54 W, 1120 MiB, 0 %, 1590 MHz, 14001 MHz
2026/07/20 08:54:42.007, 54, 27.68 W, 1632 MiB, 0 %, 1590 MHz, 14001 MHz
2026/07/20 08:54:47.008, 54, 27.71 W, 2112 MiB, 0 %, 1590 MHz, 14001 MHz
2026/07/20 08:54:52.008, 55, 27.75 W, 2560 MiB, 0 %, 1590 MHz, 14001 MHz
2026/07/20 08:54:57.009, 55, 27.82 W, 2944 MiB, 1 %, 1590 MHz, 14001 MHz
2026/07/20 08:55:02.010, 56, 27.92 W, 3296 MiB, 0 %, 1590 MHz, 14001 MHz
2026/07/20 08:55:07.011, 56, 27.96 W, 3744 MiB, 0 %, 1590 MHz, 14001 MHz
2026/07/20 08:55:12.011, 56, 28.00 W, 4224 MiB, 1 %, 1590 MHz, 14001 MHz
2026/07/20 08:55:17.012, 56, 28.04 W, 4672 MiB, 1 %, 1590 MHz, 14001 MHz
2026/07/20 08:55:22.013, 57, 28.04 W, 5120 MiB, 0 %, 1590 MHz, 14001 MHz
2026/07/20 08:55:27.013, 57, 28.12 W, 5568 MiB, 0 %, 1590 MHz, 14001 MHz
2026/07/20 08:55:32.014, 57, 28.17 W, 6016 MiB, 0 %, 1590 MHz, 14001 MHz
2026/07/20 08:55:37.015, 57, 28.10 W, 6432 MiB, 0 %, 1590 MHz, 14001 MHz
2026/07/20 08:55:42.015, 57, 28.17 W, 6880 MiB, 0 %, 1590 MHz, 14001 MHz
2026/07/20 08:55:47.016, 57, 28.11 W, 7328 MiB, 0 %, 1590 MHz, 14001 MHz
2026/07/20 08:55:52.018, 57, 28.17 W, 7776 MiB, 0 %, 1590 MHz, 14001 MHz
2026/07/20 08:55:57.018, 57, 28.07 W, 8224 MiB, 1 %, 1590 MHz, 14001 MHz
2026/07/20 08:56:02.018, 57, 28.09 W, 8672 MiB, 0 %, 1590 MHz, 14001 MHz
2026/07/20 08:56:07.019, 57, 28.09 W, 9120 MiB, 0 %, 1590 MHz, 14001 MHz
2026/07/20 08:56:12.019, 57, 27.95 W, 9280 MiB, 0 %, 1590 MHz, 14001 MHz
2026/07/20 08:56:17.020, 57, 27.96 W, 9280 MiB, 0 %, 1590 MHz, 14001 MHz
2026/07/20 08:56:22.021, 57, 27.99 W, 9280 MiB, 0 %, 1590 MHz, 14001 MHz
2026/07/20 08:56:27.021, 56, 14.58 W, 9280 MiB, 0 %, 180 MHz, 810 MHz
2026/07/20 08:56:32.022, 56, 9.42 W, 9280 MiB, 0 %, 180 MHz, 405 MHz
2026/07/20 08:56:37.023, 56, 9.48 W, 9280 MiB, 0 %, 180 MHz, 405 MHz
2026/07/20 08:56:42.023, 55, 10.02 W, 9280 MiB, 0 %, 180 MHz, 405 MHz
2026/07/20 08:56:47.031, 55, 9.40 W, 9280 MiB, 0 %, 180 MHz, 405 MHz
2026/07/20 08:56:52.032, 55, 9.36 W, 9280 MiB, 0 %, 180 MHz, 405 MHz
2026/07/20 08:56:57.033, 55, 9.39 W, 9280 MiB, 0 %, 180 MHz, 405 MHz
2026/07/20 08:57:02.034, 55, 9.40 W, 9280 MiB, 0 %, 180 MHz, 405 MHz
2026/07/20 08:57:07.035, 54, 9.44 W, 9280 MiB, 0 %, 180 MHz, 405 MHz
2026/07/20 08:57:12.035, 64, 107.95 W, 23520 MiB, 64 %, 2565 MHz, 14001 MHz
2026/07/20 08:57:17.036, 61, 73.71 W, 23520 MiB, 43 %, 2385 MHz, 14001 MHz
2026/07/20 08:57:22.036, 61, 60.57 W, 23520 MiB, 42 %, 2340 MHz, 14001 MHz
2026/07/20 08:57:27.037, 59, 40.83 W, 23520 MiB, 15 %, 1912 MHz, 14001 MHz
2026/07/20 08:57:32.038, 59, 41.08 W, 23520 MiB, 14 %, 1792 MHz, 14001 MHz
2026/07/20 08:57:37.039, 59, 43.21 W, 23520 MiB, 15 %, 1875 MHz, 14001 MHz
2026/07/20 08:57:42.039, 59, 41.28 W, 23520 MiB, 14 %, 1770 MHz, 14001 MHz
2026/07/20 08:57:47.040, 59, 39.96 W, 23520 MiB, 15 %, 1800 MHz, 14001 MHz
2026/07/20 08:57:52.040, 60, 41.39 W, 23520 MiB, 13 %, 1860 MHz, 14001 MHz
2026/07/20 08:57:57.041, 59, 46.12 W, 23520 MiB, 14 %, 1815 MHz, 14001 MHz
2026/07/20 08:58:02.042, 60, 45.10 W, 23520 MiB, 17 %, 1860 MHz, 14001 MHz
2026/07/20 08:58:07.043, 60, 44.71 W, 23520 MiB, 16 %, 1942 MHz, 14001 MHz
2026/07/20 08:58:12.046, 59, 38.36 W, 23520 MiB, 12 %, 1845 MHz, 14001 MHz
2026/07/20 08:58:17.047, 60, 42.02 W, 23520 MiB, 16 %, 1852 MHz, 14001 MHz
2026/07/20 08:58:22.047, 60, 40.61 W, 23520 MiB, 16 %, 1822 MHz, 14001 MHz
2026/07/20 08:58:27.048, 60, 39.27 W, 23520 MiB, 14 %, 1785 MHz, 14001 MHz
2026/07/20 08:58:32.049, 60, 40.81 W, 23520 MiB, 13 %, 1867 MHz, 14001 MHz
2026/07/20 08:58:37.049, 60, 39.25 W, 23520 MiB, 13 %, 1800 MHz, 14001 MHz
2026/07/20 08:58:42.050, 60, 39.89 W, 23520 MiB, 12 %, 1762 MHz, 14001 MHz
2026/07/20 08:58:47.050, 60, 40.55 W, 23520 MiB, 13 %, 1740 MHz, 14001 MHz
2026/07/20 08:58:52.051, 60, 40.26 W, 23520 MiB, 15 %, 1845 MHz, 14001 MHz
2026/07/20 08:58:57.051, 60, 42.38 W, 23520 MiB, 13 %, 1792 MHz, 14001 MHz
2026/07/20 08:59:02.052, 60, 43.70 W, 23520 MiB, 15 %, 1845 MHz, 14001 MHz
2026/07/20 08:59:07.052, 60, 41.76 W, 23520 MiB, 24 %, 1702 MHz, 14001 MHz
2026/07/20 08:59:12.053, 60, 39.06 W, 23520 MiB, 12 %, 1755 MHz, 14001 MHz
2026/07/20 08:59:17.054, 60, 43.26 W, 23520 MiB, 15 %, 1815 MHz, 14001 MHz
2026/07/20 08:59:22.055, 60, 37.91 W, 23520 MiB, 11 %, 1770 MHz, 14001 MHz
2026/07/20 08:59:27.055, 59, 40.38 W, 23520 MiB, 13 %, 1725 MHz, 14001 MHz
2026/07/20 08:59:32.056, 60, 39.14 W, 23520 MiB, 15 %, 1875 MHz, 14001 MHz
2026/07/20 08:59:37.056, 60, 43.54 W, 23520 MiB, 13 %, 1807 MHz, 14001 MHz
2026/07/20 08:59:42.057, 60, 43.29 W, 23520 MiB, 15 %, 1830 MHz, 14001 MHz
2026/07/20 08:59:47.057, 59, 34.62 W, 23520 MiB, 3 %, 1755 MHz, 14001 MHz
2026/07/20 08:59:52.058, 59, 35.44 W, 23520 MiB, 1 %, 1777 MHz, 14001 MHz
2026/07/20 08:59:57.058, 59, 36.60 W, 23520 MiB, 2 %, 1815 MHz, 14001 MHz
2026/07/20 09:00:02.059, 58, 36.12 W, 23520 MiB, 1 %, 1867 MHz, 14001 MHz
2026/07/20 09:00:07.060, 58, 32.65 W, 23520 MiB, 3 %, 1777 MHz, 14001 MHz
2026/07/20 09:00:12.061, 58, 34.86 W, 23520 MiB, 1 %, 1830 MHz, 14001 MHz
2026/07/20 09:00:17.061, 58, 36.23 W, 23520 MiB, 1 %, 1852 MHz, 14001 MHz
2026/07/20 09:00:22.062, 58, 34.50 W, 23520 MiB, 2 %, 1770 MHz, 14001 MHz
2026/07/20 09:00:27.062, 58, 34.99 W, 23520 MiB, 3 %, 1830 MHz, 14001 MHz
2026/07/20 09:00:32.063, 58, 33.33 W, 23520 MiB, 7 %, 1777 MHz, 14001 MHz
2026/07/20 09:00:37.064, 58, 34.37 W, 23520 MiB, 6 %, 1770 MHz, 14001 MHz
2026/07/20 09:00:42.065, 57, 36.03 W, 23520 MiB, 2 %, 1770 MHz, 14001 MHz
2026/07/20 09:00:47.065, 57, 34.11 W, 23520 MiB, 6 %, 1755 MHz, 14001 MHz
2026/07/20 09:00:52.066, 58, 35.29 W, 23520 MiB, 10 %, 1762 MHz, 14001 MHz
2026/07/20 09:00:57.066, 57, 34.68 W, 23520 MiB, 3 %, 1747 MHz, 14001 MHz
2026/07/20 09:01:02.067, 58, 33.37 W, 23520 MiB, 6 %, 1732 MHz, 14001 MHz
2026/07/20 09:01:07.067, 57, 35.19 W, 23520 MiB, 9 %, 1725 MHz, 14001 MHz
2026/07/20 09:01:12.068, 57, 32.16 W, 23520 MiB, 5 %, 1725 MHz, 14001 MHz
2026/07/20 09:01:17.068, 57, 34.42 W, 23520 MiB, 3 %, 1800 MHz, 14001 MHz
2026/07/20 09:01:22.069, 57, 33.58 W, 23520 MiB, 4 %, 1755 MHz, 14001 MHz
2026/07/20 09:01:27.070, 57, 32.47 W, 23520 MiB, 4 %, 1717 MHz, 14001 MHz
2026/07/20 09:01:32.070, 57, 31.21 W, 23520 MiB, 1 %, 1687 MHz, 14001 MHz
2026/07/20 09:01:37.073, 57, 34.29 W, 23520 MiB, 1 %, 1725 MHz, 14001 MHz
2026/07/20 09:01:42.074, 57, 32.12 W, 23520 MiB, 2 %, 1710 MHz, 14001 MHz
2026/07/20 09:01:47.074, 57, 31.05 W, 23520 MiB, 2 %, 1695 MHz, 14001 MHz
2026/07/20 09:01:52.075, 57, 33.98 W, 23520 MiB, 2 %, 1717 MHz, 14001 MHz
2026/07/20 09:01:57.075, 57, 31.72 W, 23520 MiB, 4 %, 1725 MHz, 14001 MHz
2026/07/20 09:02:02.076, 57, 33.25 W, 23520 MiB, 6 %, 1717 MHz, 14001 MHz
2026/07/20 09:02:07.077, 56, 30.74 W, 23520 MiB, 2 %, 1687 MHz, 14001 MHz
2026/07/20 09:02:12.077, 56, 31.51 W, 23520 MiB, 4 %, 1725 MHz, 14001 MHz
2026/07/20 09:02:17.078, 56, 31.15 W, 23552 MiB, 3 %, 1710 MHz, 14001 MHz
2026/07/20 09:02:22.078, 56, 32.78 W, 23552 MiB, 7 %, 1725 MHz, 14001 MHz
2026/07/20 09:02:27.079, 56, 32.10 W, 23552 MiB, 2 %, 1695 MHz, 14001 MHz
2026/07/20 09:02:32.080, 61, 69.31 W, 23552 MiB, 38 %, 2422 MHz, 14001 MHz
2026/07/20 09:02:37.080, 65, 104.22 W, 23552 MiB, 40 %, 2400 MHz, 14001 MHz
2026/07/20 09:02:42.081, 61, 33.15 W, 23552 MiB, 3 %, 1747 MHz, 14001 MHz
2026/07/20 09:02:47.082, 60, 36.51 W, 23552 MiB, 11 %, 1845 MHz, 14001 MHz
2026/07/20 09:02:52.083, 59, 35.20 W, 23552 MiB, 3 %, 1762 MHz, 14001 MHz
2026/07/20 09:02:57.083, 59, 35.02 W, 23552 MiB, 4 %, 1770 MHz, 14001 MHz
2026/07/20 09:03:02.084, 58, 33.48 W, 23552 MiB, 2 %, 1762 MHz, 14001 MHz
2026/07/20 09:03:07.084, 58, 34.08 W, 23552 MiB, 6 %, 1770 MHz, 14001 MHz
2026/07/20 09:03:12.086, 58, 34.22 W, 23552 MiB, 4 %, 1755 MHz, 14001 MHz
2026/07/20 09:03:17.086, 58, 33.90 W, 23552 MiB, 3 %, 1747 MHz, 14001 MHz
2026/07/20 09:03:22.087, 58, 33.95 W, 23552 MiB, 12 %, 1747 MHz, 14001 MHz
2026/07/20 09:03:27.087, 58, 33.40 W, 23552 MiB, 2 %, 1747 MHz, 14001 MHz
2026/07/20 09:03:32.089, 57, 33.71 W, 23552 MiB, 3 %, 1762 MHz, 14001 MHz
2026/07/20 09:03:37.089, 58, 35.27 W, 23552 MiB, 7 %, 1777 MHz, 14001 MHz
2026/07/20 09:03:42.090, 57, 32.88 W, 23552 MiB, 1 %, 1717 MHz, 14001 MHz
2026/07/20 09:03:47.090, 57, 34.92 W, 23552 MiB, 4 %, 1747 MHz, 14001 MHz
2026/07/20 09:03:52.091, 57, 33.81 W, 23552 MiB, 10 %, 1800 MHz, 14001 MHz
2026/07/20 09:03:57.091, 57, 34.19 W, 23552 MiB, 2 %, 1755 MHz, 14001 MHz
2026/07/20 09:04:02.092, 57, 33.07 W, 23552 MiB, 2 %, 1762 MHz, 14001 MHz
2026/07/20 09:04:07.093, 57, 31.61 W, 23552 MiB, 2 %, 1717 MHz, 14001 MHz
2026/07/20 09:04:12.093, 57, 32.38 W, 23552 MiB, 2 %, 1725 MHz, 14001 MHz
2026/07/20 09:04:17.094, 57, 32.58 W, 23552 MiB, 5 %, 1732 MHz, 14001 MHz
2026/07/20 09:04:22.094, 56, 32.36 W, 23552 MiB, 2 %, 1717 MHz, 14001 MHz
2026/07/20 09:04:27.095, 56, 32.42 W, 23552 MiB, 2 %, 1725 MHz, 14001 MHz
2026/07/20 09:04:32.095, 57, 32.31 W, 23552 MiB, 3 %, 1725 MHz, 14001 MHz
2026/07/20 09:04:37.096, 56, 31.68 W, 23552 MiB, 2 %, 1717 MHz, 14001 MHz
2026/07/20 09:04:42.097, 56, 30.99 W, 23552 MiB, 3 %, 1710 MHz, 14001 MHz
2026/07/20 09:04:47.097, 57, 31.86 W, 23552 MiB, 4 %, 1740 MHz, 14001 MHz
2026/07/20 09:04:52.098, 56, 30.97 W, 23552 MiB, 2 %, 1687 MHz, 14001 MHz
2026/07/20 09:04:57.099, 57, 31.31 W, 23552 MiB, 4 %, 1710 MHz, 14001 MHz
2026/07/20 09:05:02.099, 57, 31.51 W, 23552 MiB, 3 %, 1725 MHz, 14001 MHz
2026/07/20 09:05:07.100, 57, 30.83 W, 23552 MiB, 3 %, 1695 MHz, 14001 MHz
2026/07/20 09:05:12.101, 57, 30.61 W, 23552 MiB, 2 %, 1687 MHz, 14001 MHz
2026/07/20 09:05:17.101, 57, 30.61 W, 23552 MiB, 1 %, 1687 MHz, 14001 MHz
2026/07/20 09:05:22.102, 57, 30.75 W, 23552 MiB, 1 %, 1702 MHz, 14001 MHz
2026/07/20 09:05:27.103, 57, 31.06 W, 23552 MiB, 2 %, 1672 MHz, 14001 MHz
2026/07/20 09:05:32.103, 57, 31.10 W, 23552 MiB, 3 %, 1710 MHz, 14001 MHz
2026/07/20 09:05:37.104, 57, 30.69 W, 23552 MiB, 2 %, 1695 MHz, 14001 MHz
2026/07/20 09:05:42.104, 57, 31.25 W, 23552 MiB, 2 %, 1702 MHz, 14001 MHz
2026/07/20 09:05:47.105, 57, 31.71 W, 23552 MiB, 2 %, 1687 MHz, 14001 MHz
2026/07/20 09:05:52.105, 57, 31.22 W, 23552 MiB, 1 %, 1687 MHz, 14001 MHz
2026/07/20 09:05:57.106, 57, 31.00 W, 23552 MiB, 3 %, 1702 MHz, 14001 MHz
2026/07/20 09:06:02.106, 57, 30.37 W, 23552 MiB, 2 %, 1687 MHz, 14001 MHz
2026/07/20 09:06:07.107, 57, 31.05 W, 23552 MiB, 1 %, 1702 MHz, 14001 MHz
2026/07/20 09:06:12.107, 57, 31.53 W, 23552 MiB, 1 %, 1680 MHz, 14001 MHz
2026/07/20 09:06:17.108, 57, 31.41 W, 23552 MiB, 6 %, 1710 MHz, 14001 MHz
2026/07/20 09:06:22.108, 57, 31.16 W, 23552 MiB, 2 %, 1687 MHz, 14001 MHz
2026/07/20 09:06:27.109, 57, 34.02 W, 23552 MiB, 13 %, 1747 MHz, 14001 MHz
2026/07/20 09:06:32.110, 57, 32.41 W, 23552 MiB, 1 %, 1680 MHz, 14001 MHz
2026/07/20 09:06:37.110, 62, 93.36 W, 23552 MiB, 30 %, 2347 MHz, 14001 MHz
2026/07/20 09:06:42.111, 65, 82.93 W, 23552 MiB, 26 %, 2257 MHz, 14001 MHz
2026/07/20 09:06:47.111, 61, 37.38 W, 23552 MiB, 4 %, 1852 MHz, 14001 MHz
2026/07/20 09:06:52.112, 60, 33.82 W, 23552 MiB, 4 %, 1785 MHz, 14001 MHz
2026/07/20 09:06:57.113, 59, 34.44 W, 23552 MiB, 4 %, 1807 MHz, 14001 MHz
2026/07/20 09:07:02.113, 59, 33.87 W, 23552 MiB, 7 %, 1770 MHz, 14001 MHz
2026/07/20 09:07:07.114, 59, 34.42 W, 23552 MiB, 5 %, 1762 MHz, 14001 MHz
2026/07/20 09:07:12.114, 58, 35.50 W, 23552 MiB, 1 %, 1815 MHz, 14001 MHz
2026/07/20 09:07:17.115, 58, 34.71 W, 23552 MiB, 8 %, 1845 MHz, 14001 MHz
2026/07/20 09:07:22.116, 58, 35.04 W, 23552 MiB, 8 %, 1792 MHz, 14001 MHz
2026/07/20 09:07:27.116, 58, 34.44 W, 23552 MiB, 2 %, 1747 MHz, 14001 MHz
2026/07/20 09:07:32.117, 58, 33.86 W, 23552 MiB, 6 %, 1785 MHz, 14001 MHz
2026/07/20 09:07:37.117, 57, 33.82 W, 23552 MiB, 4 %, 1777 MHz, 14001 MHz
2026/07/20 09:07:42.118, 57, 35.69 W, 23552 MiB, 1 %, 1710 MHz, 14001 MHz
2026/07/20 09:07:47.118, 58, 34.27 W, 23552 MiB, 9 %, 1800 MHz, 14001 MHz
2026/07/20 09:07:52.119, 57, 34.76 W, 23552 MiB, 1 %, 1755 MHz, 14001 MHz
2026/07/20 09:07:57.119, 57, 34.57 W, 23552 MiB, 2 %, 1747 MHz, 14001 MHz
2026/07/20 09:08:02.120, 58, 32.72 W, 23552 MiB, 5 %, 1725 MHz, 14001 MHz
2026/07/20 09:08:07.120, 57, 34.78 W, 23552 MiB, 2 %, 1702 MHz, 14001 MHz
2026/07/20 09:08:12.121, 57, 36.40 W, 23552 MiB, 1 %, 1822 MHz, 14001 MHz
2026/07/20 09:08:17.122, 57, 34.71 W, 23552 MiB, 6 %, 1785 MHz, 14001 MHz
2026/07/20 09:08:22.122, 57, 34.24 W, 23552 MiB, 2 %, 1702 MHz, 14001 MHz
2026/07/20 09:08:27.123, 57, 34.14 W, 23552 MiB, 1 %, 1695 MHz, 14001 MHz
2026/07/20 09:08:32.123, 58, 34.03 W, 23552 MiB, 13 %, 1792 MHz, 14001 MHz
2026/07/20 09:08:37.124, 57, 33.18 W, 23552 MiB, 4 %, 1717 MHz, 14001 MHz
2026/07/20 09:08:42.124, 57, 32.14 W, 23552 MiB, 2 %, 1710 MHz, 14001 MHz
2026/07/20 09:08:47.125, 58, 35.10 W, 23552 MiB, 4 %, 1830 MHz, 14001 MHz
2026/07/20 09:08:52.125, 57, 32.87 W, 23552 MiB, 2 %, 1732 MHz, 14001 MHz
2026/07/20 09:08:57.126, 57, 35.15 W, 23552 MiB, 1 %, 1845 MHz, 14001 MHz
2026/07/20 09:09:02.126, 57, 32.24 W, 23552 MiB, 2 %, 1740 MHz, 14001 MHz
2026/07/20 09:09:07.127, 57, 33.56 W, 23552 MiB, 5 %, 1702 MHz, 14001 MHz
2026/07/20 09:09:12.127, 57, 30.91 W, 23552 MiB, 2 %, 1702 MHz, 14001 MHz
2026/07/20 09:09:17.128, 57, 31.95 W, 23552 MiB, 2 %, 1732 MHz, 14001 MHz
2026/07/20 09:09:22.129, 57, 33.07 W, 23552 MiB, 1 %, 1732 MHz, 14001 MHz
2026/07/20 09:09:27.129, 63, 75.63 W, 23552 MiB, 50 %, 2332 MHz, 14001 MHz
2026/07/20 09:09:32.130, 66, 93.15 W, 23552 MiB, 41 %, 2362 MHz, 14001 MHz
2026/07/20 09:09:37.131, 62, 36.94 W, 23552 MiB, 1 %, 1830 MHz, 14001 MHz
2026/07/20 09:09:42.131, 60, 35.00 W, 23552 MiB, 7 %, 1785 MHz, 14001 MHz
2026/07/20 09:09:47.132, 60, 35.06 W, 23552 MiB, 7 %, 1770 MHz, 14001 MHz
2026/07/20 09:09:52.133, 59, 36.37 W, 23552 MiB, 9 %, 1815 MHz, 14001 MHz
2026/07/20 09:09:57.133, 59, 32.94 W, 23552 MiB, 2 %, 1770 MHz, 14001 MHz
2026/07/20 09:10:02.134, 58, 34.98 W, 23552 MiB, 7 %, 1792 MHz, 14001 MHz
2026/07/20 09:10:07.135, 58, 35.00 W, 23552 MiB, 7 %, 1755 MHz, 14001 MHz
2026/07/20 09:10:12.135, 58, 35.39 W, 23552 MiB, 5 %, 1762 MHz, 14001 MHz
2026/07/20 09:10:17.135, 58, 35.43 W, 23552 MiB, 2 %, 1740 MHz, 14001 MHz
2026/07/20 09:10:22.136, 58, 34.50 W, 23552 MiB, 3 %, 1732 MHz, 14001 MHz
2026/07/20 09:10:27.136, 59, 36.07 W, 23552 MiB, 16 %, 1792 MHz, 14001 MHz
2026/07/20 09:10:32.138, 58, 34.04 W, 23552 MiB, 4 %, 1725 MHz, 14001 MHz
2026/07/20 09:10:37.138, 57, 35.50 W, 23552 MiB, 4 %, 1792 MHz, 14001 MHz
2026/07/20 09:10:42.139, 59, 36.21 W, 23552 MiB, 19 %, 1762 MHz, 14001 MHz
2026/07/20 09:10:47.139, 57, 34.37 W, 23552 MiB, 2 %, 1732 MHz, 14001 MHz
2026/07/20 09:10:52.140, 57, 34.31 W, 23552 MiB, 2 %, 1710 MHz, 14001 MHz
2026/07/20 09:10:57.140, 57, 36.02 W, 23552 MiB, 7 %, 1740 MHz, 14001 MHz
2026/07/20 09:11:02.141, 57, 33.25 W, 23552 MiB, 4 %, 1725 MHz, 14001 MHz
2026/07/20 09:11:07.142, 57, 33.38 W, 23552 MiB, 2 %, 1702 MHz, 14001 MHz
2026/07/20 09:11:12.142, 57, 34.97 W, 23552 MiB, 1 %, 1770 MHz, 14001 MHz
2026/07/20 09:11:17.143, 57, 32.19 W, 23552 MiB, 1 %, 1695 MHz, 14001 MHz
2026/07/20 09:11:22.144, 57, 34.17 W, 23552 MiB, 1 %, 1740 MHz, 14001 MHz
2026/07/20 09:11:27.144, 57, 32.90 W, 23552 MiB, 10 %, 1807 MHz, 14001 MHz
2026/07/20 09:11:32.144, 57, 31.24 W, 23552 MiB, 3 %, 1725 MHz, 14001 MHz
2026/07/20 09:11:37.145, 57, 32.95 W, 23552 MiB, 1 %, 1672 MHz, 14001 MHz
2026/07/20 09:11:42.146, 57, 32.60 W, 23552 MiB, 3 %, 1702 MHz, 14001 MHz
2026/07/20 09:11:47.146, 57, 30.97 W, 23552 MiB, 1 %, 1702 MHz, 14001 MHz
2026/07/20 09:11:52.147, 57, 32.23 W, 23552 MiB, 2 %, 1732 MHz, 14001 MHz
2026/07/20 09:11:57.147, 57, 30.66 W, 23552 MiB, 2 %, 1695 MHz, 14001 MHz
2026/07/20 09:12:02.148, 57, 31.70 W, 23552 MiB, 4 %, 1732 MHz, 14001 MHz
2026/07/20 09:12:07.148, 57, 32.37 W, 23552 MiB, 6 %, 1747 MHz, 14001 MHz
2026/07/20 09:12:12.149, 57, 31.46 W, 23552 MiB, 1 %, 1687 MHz, 14001 MHz
2026/07/20 09:12:17.150, 57, 31.01 W, 23552 MiB, 1 %, 1710 MHz, 14001 MHz
2026/07/20 09:12:22.151, 66, 113.19 W, 23552 MiB, 52 %, 2460 MHz, 14001 MHz
2026/07/20 09:12:27.152, 67, 93.86 W, 23552 MiB, 39 %, 2430 MHz, 14001 MHz
2026/07/20 09:12:32.153, 62, 34.37 W, 23552 MiB, 3 %, 1770 MHz, 14001 MHz
2026/07/20 09:12:37.153, 61, 35.74 W, 23552 MiB, 2 %, 1740 MHz, 14001 MHz
2026/07/20 09:12:42.154, 60, 36.26 W, 23552 MiB, 1 %, 1777 MHz, 14001 MHz
2026/07/20 09:12:47.155, 59, 34.63 W, 23552 MiB, 4 %, 1747 MHz, 14001 MHz
2026/07/20 09:12:52.155, 59, 35.01 W, 23552 MiB, 7 %, 1807 MHz, 14001 MHz
2026/07/20 09:12:57.156, 59, 34.08 W, 23552 MiB, 6 %, 1785 MHz, 14001 MHz
2026/07/20 09:13:02.157, 58, 33.38 W, 23552 MiB, 2 %, 1740 MHz, 14001 MHz
2026/07/20 09:13:07.157, 58, 32.75 W, 23552 MiB, 6 %, 1747 MHz, 14001 MHz
2026/07/20 09:13:12.158, 58, 33.62 W, 23552 MiB, 3 %, 1762 MHz, 14001 MHz
2026/07/20 09:13:17.159, 58, 34.91 W, 23552 MiB, 11 %, 1792 MHz, 14001 MHz
2026/07/20 09:13:22.159, 58, 35.97 W, 23552 MiB, 1 %, 1822 MHz, 14001 MHz
2026/07/20 09:13:27.160, 57, 35.01 W, 23552 MiB, 3 %, 1732 MHz, 14001 MHz
2026/07/20 09:13:32.161, 58, 35.54 W, 23552 MiB, 10 %, 1770 MHz, 14001 MHz
2026/07/20 09:13:37.161, 57, 37.03 W, 23552 MiB, 2 %, 1815 MHz, 14001 MHz
2026/07/20 09:13:42.162, 57, 34.80 W, 23552 MiB, 4 %, 1710 MHz, 14001 MHz
2026/07/20 09:13:47.163, 57, 36.60 W, 23552 MiB, 2 %, 1822 MHz, 14001 MHz
2026/07/20 09:13:52.166, 57, 34.08 W, 23552 MiB, 5 %, 1740 MHz, 14001 MHz
2026/07/20 09:13:57.167, 57, 33.02 W, 23552 MiB, 5 %, 1747 MHz, 14001 MHz
2026/07/20 09:14:02.168, 57, 32.40 W, 23552 MiB, 7 %, 1740 MHz, 14001 MHz
2026/07/20 09:14:07.168, 57, 34.53 W, 23552 MiB, 12 %, 1747 MHz, 14001 MHz
2026/07/20 09:14:12.169, 56, 32.69 W, 23552 MiB, 2 %, 1702 MHz, 14001 MHz
2026/07/20 09:14:17.170, 56, 31.94 W, 23552 MiB, 2 %, 1710 MHz, 14001 MHz
2026/07/20 09:14:22.170, 56, 31.92 W, 23552 MiB, 2 %, 1695 MHz, 14001 MHz
2026/07/20 09:14:27.171, 56, 31.67 W, 23552 MiB, 4 %, 1732 MHz, 14001 MHz
2026/07/20 09:14:32.171, 57, 31.69 W, 23552 MiB, 2 %, 1725 MHz, 14001 MHz
2026/07/20 09:14:37.172, 57, 31.22 W, 23552 MiB, 3 %, 1710 MHz, 14001 MHz
2026/07/20 09:14:42.172, 57, 32.17 W, 23552 MiB, 4 %, 1725 MHz, 14001 MHz
2026/07/20 09:14:47.173, 57, 32.52 W, 23552 MiB, 3 %, 1695 MHz, 14001 MHz
2026/07/20 09:14:52.174, 57, 31.84 W, 23552 MiB, 3 %, 1717 MHz, 14001 MHz
2026/07/20 09:14:57.174, 57, 34.36 W, 23552 MiB, 1 %, 1672 MHz, 14001 MHz
2026/07/20 09:15:02.175, 57, 30.95 W, 23552 MiB, 3 %, 1702 MHz, 14001 MHz
2026/07/20 09:15:07.176, 57, 31.79 W, 23552 MiB, 2 %, 1702 MHz, 14001 MHz
2026/07/20 09:15:12.176, 57, 31.52 W, 23552 MiB, 4 %, 1702 MHz, 14001 MHz
2026/07/20 09:15:17.177, 66, 111.13 W, 23552 MiB, 35 %, 2445 MHz, 14001 MHz
2026/07/20 09:15:22.178, 65, 86.79 W, 23552 MiB, 19 %, 2280 MHz, 14001 MHz
2026/07/20 09:15:27.179, 61, 36.26 W, 23552 MiB, 2 %, 1747 MHz, 14001 MHz
2026/07/20 09:15:32.179, 61, 35.02 W, 23552 MiB, 3 %, 1807 MHz, 14001 MHz
2026/07/20 09:15:37.180, 60, 36.20 W, 23552 MiB, 2 %, 1800 MHz, 14001 MHz
2026/07/20 09:15:42.180, 59, 36.78 W, 23552 MiB, 4 %, 1890 MHz, 14001 MHz
2026/07/20 09:15:47.181, 59, 33.65 W, 23552 MiB, 2 %, 1770 MHz, 14001 MHz
2026/07/20 09:15:52.181, 59, 35.22 W, 23552 MiB, 5 %, 1762 MHz, 14001 MHz
2026/07/20 09:15:57.189, 58, 35.78 W, 23552 MiB, 4 %, 1762 MHz, 14001 MHz
2026/07/20 09:16:02.190, 58, 35.46 W, 23552 MiB, 9 %, 1770 MHz, 14001 MHz
2026/07/20 09:16:07.190, 59, 35.38 W, 23552 MiB, 5 %, 1777 MHz, 14001 MHz
2026/07/20 09:16:12.191, 58, 35.09 W, 23552 MiB, 5 %, 1785 MHz, 14001 MHz
2026/07/20 09:16:17.191, 58, 35.22 W, 23552 MiB, 1 %, 1740 MHz, 14001 MHz
2026/07/20 09:16:22.192, 58, 34.50 W, 23552 MiB, 6 %, 1770 MHz, 14001 MHz
2026/07/20 09:16:27.193, 58, 35.56 W, 23552 MiB, 2 %, 1725 MHz, 14001 MHz
2026/07/20 09:16:32.194, 57, 33.84 W, 23552 MiB, 4 %, 1732 MHz, 14001 MHz
2026/07/20 09:16:37.194, 57, 34.44 W, 23552 MiB, 3 %, 1747 MHz, 14001 MHz
2026/07/20 09:16:42.195, 57, 35.43 W, 23552 MiB, 2 %, 1702 MHz, 14001 MHz
2026/07/20 09:16:47.196, 57, 35.14 W, 23552 MiB, 1 %, 1807 MHz, 14001 MHz
2026/07/20 09:16:52.197, 57, 37.10 W, 23552 MiB, 1 %, 1792 MHz, 14001 MHz
2026/07/20 09:16:57.197, 57, 32.57 W, 23552 MiB, 4 %, 1770 MHz, 14001 MHz
2026/07/20 09:17:02.198, 57, 34.39 W, 23552 MiB, 7 %, 1740 MHz, 14001 MHz
2026/07/20 09:17:07.198, 57, 32.05 W, 23552 MiB, 2 %, 1717 MHz, 14001 MHz
2026/07/20 09:17:12.199, 57, 31.35 W, 23552 MiB, 3 %, 1717 MHz, 14001 MHz
2026/07/20 09:17:17.199, 57, 33.43 W, 23552 MiB, 1 %, 1762 MHz, 14001 MHz
2026/07/20 09:17:22.201, 57, 33.94 W, 23552 MiB, 4 %, 1747 MHz, 14001 MHz
2026/07/20 09:17:27.201, 57, 31.33 W, 23552 MiB, 3 %, 1725 MHz, 14001 MHz
2026/07/20 09:17:32.202, 57, 34.76 W, 23552 MiB, 1 %, 1747 MHz, 14001 MHz
2026/07/20 09:17:37.202, 57, 30.99 W, 23552 MiB, 3 %, 1695 MHz, 14001 MHz
2026/07/20 09:17:42.203, 58, 35.08 W, 23552 MiB, 13 %, 1740 MHz, 14001 MHz
2026/07/20 09:17:47.203, 57, 32.37 W, 23552 MiB, 5 %, 1732 MHz, 14001 MHz
2026/07/20 09:17:52.204, 57, 30.84 W, 23552 MiB, 2 %, 1695 MHz, 14001 MHz
2026/07/20 09:17:57.205, 57, 31.52 W, 23552 MiB, 3 %, 1725 MHz, 14001 MHz
2026/07/20 09:18:02.206, 57, 31.68 W, 23552 MiB, 6 %, 1725 MHz, 14001 MHz
2026/07/20 09:18:07.206, 58, 43.49 W, 23552 MiB, 14 %, 1740 MHz, 14001 MHz
2026/07/20 09:18:12.207, 69, 108.97 W, 23552 MiB, 53 %, 2377 MHz, 14001 MHz
2026/07/20 09:18:17.208, 69, 106.73 W, 23552 MiB, 44 %, 2415 MHz, 14001 MHz
2026/07/20 09:18:22.209, 61, 34.53 W, 23552 MiB, 7 %, 1785 MHz, 14001 MHz
2026/07/20 09:18:27.209, 60, 34.14 W, 23552 MiB, 4 %, 1755 MHz, 14001 MHz
2026/07/20 09:18:32.210, 60, 35.14 W, 23552 MiB, 7 %, 1807 MHz, 14001 MHz
2026/07/20 09:18:37.211, 59, 35.13 W, 23552 MiB, 3 %, 1777 MHz, 14001 MHz
2026/07/20 09:18:42.211, 59, 35.75 W, 23552 MiB, 1 %, 1815 MHz, 14001 MHz
2026/07/20 09:18:47.212, 58, 34.81 W, 23552 MiB, 4 %, 1777 MHz, 14001 MHz
2026/07/20 09:18:52.220, 58, 33.81 W, 23552 MiB, 2 %, 1755 MHz, 14001 MHz
2026/07/20 09:18:57.220, 58, 34.25 W, 23552 MiB, 3 %, 1762 MHz, 14001 MHz
2026/07/20 09:19:02.221, 58, 36.04 W, 23552 MiB, 1 %, 1755 MHz, 14001 MHz
2026/07/20 09:19:07.221, 58, 36.35 W, 23552 MiB, 6 %, 1800 MHz, 14001 MHz
2026/07/20 09:19:12.222, 58, 35.72 W, 23552 MiB, 1 %, 1822 MHz, 14001 MHz
2026/07/20 09:19:17.224, 57, 34.78 W, 23552 MiB, 2 %, 1732 MHz, 14001 MHz
2026/07/20 09:19:22.225, 59, 36.30 W, 23552 MiB, 23 %, 1822 MHz, 14001 MHz
2026/07/20 09:19:27.226, 57, 35.86 W, 23552 MiB, 4 %, 1710 MHz, 14001 MHz
2026/07/20 09:19:32.227, 57, 35.11 W, 23552 MiB, 1 %, 1807 MHz, 14001 MHz
2026/07/20 09:19:37.228, 57, 33.44 W, 23552 MiB, 6 %, 1732 MHz, 14001 MHz
2026/07/20 09:19:42.228, 57, 34.55 W, 23552 MiB, 8 %, 1732 MHz, 14001 MHz
2026/07/20 09:19:47.229, 57, 35.31 W, 23552 MiB, 3 %, 1717 MHz, 14001 MHz
2026/07/20 09:19:52.229, 57, 34.47 W, 23552 MiB, 1 %, 1695 MHz, 14001 MHz
2026/07/20 09:19:57.230, 57, 31.47 W, 23552 MiB, 4 %, 1695 MHz, 14001 MHz
2026/07/20 09:20:02.231, 56, 32.24 W, 23552 MiB, 4 %, 1717 MHz, 14001 MHz
2026/07/20 09:20:07.232, 57, 34.58 W, 23552 MiB, 1 %, 1687 MHz, 14001 MHz
2026/07/20 09:20:12.232, 57, 32.34 W, 23552 MiB, 2 %, 1702 MHz, 14001 MHz
2026/07/20 09:20:17.233, 57, 31.28 W, 23552 MiB, 1 %, 1740 MHz, 14001 MHz
2026/07/20 09:20:22.234, 57, 34.61 W, 23552 MiB, 1 %, 1785 MHz, 14001 MHz
2026/07/20 09:20:27.234, 57, 32.77 W, 23552 MiB, 3 %, 1717 MHz, 14001 MHz
2026/07/20 09:20:32.235, 57, 33.91 W, 23552 MiB, 1 %, 1687 MHz, 14001 MHz
2026/07/20 09:20:37.235, 57, 31.91 W, 23552 MiB, 1 %, 1717 MHz, 14001 MHz
2026/07/20 09:20:42.236, 57, 33.15 W, 23552 MiB, 7 %, 1695 MHz, 14001 MHz
2026/07/20 09:20:47.237, 57, 31.05 W, 23552 MiB, 2 %, 1717 MHz, 14001 MHz
2026/07/20 09:20:52.237, 57, 32.26 W, 23552 MiB, 5 %, 1717 MHz, 14001 MHz
2026/07/20 09:20:57.237, 57, 33.74 W, 23552 MiB, 6 %, 1755 MHz, 14001 MHz
2026/07/20 09:21:02.239, 61, 84.51 W, 23552 MiB, 22 %, 2452 MHz, 14001 MHz
2026/07/20 09:21:07.239, 68, 106.65 W, 23552 MiB, 56 %, 2422 MHz, 14001 MHz
2026/07/20 09:21:12.240, 70, 111.46 W, 23552 MiB, 49 %, 2407 MHz, 14001 MHz
2026/07/20 09:21:17.240, 62, 34.07 W, 23552 MiB, 4 %, 1777 MHz, 14001 MHz
2026/07/20 09:21:22.241, 61, 34.55 W, 23552 MiB, 3 %, 1747 MHz, 14001 MHz
2026/07/20 09:21:27.242, 61, 35.10 W, 23552 MiB, 6 %, 1792 MHz, 14001 MHz
2026/07/20 09:21:32.243, 59, 34.29 W, 23552 MiB, 8 %, 1755 MHz, 14001 MHz
2026/07/20 09:21:37.243, 59, 35.22 W, 23552 MiB, 1 %, 1792 MHz, 14001 MHz
2026/07/20 09:21:42.244, 58, 34.18 W, 23552 MiB, 4 %, 1792 MHz, 14001 MHz
2026/07/20 09:21:47.245, 58, 34.25 W, 23552 MiB, 3 %, 1770 MHz, 14001 MHz
2026/07/20 09:21:52.245, 58, 34.20 W, 23552 MiB, 6 %, 1770 MHz, 14001 MHz
2026/07/20 09:21:57.246, 58, 36.19 W, 23552 MiB, 3 %, 1785 MHz, 14001 MHz
2026/07/20 09:22:02.246, 58, 35.64 W, 23552 MiB, 5 %, 1800 MHz, 14001 MHz
2026/07/20 09:22:07.247, 57, 35.07 W, 23552 MiB, 3 %, 1770 MHz, 14001 MHz
2026/07/20 09:22:12.247, 57, 34.74 W, 23552 MiB, 3 %, 1792 MHz, 14001 MHz
2026/07/20 09:22:17.248, 58, 35.49 W, 23552 MiB, 10 %, 1800 MHz, 14001 MHz
2026/07/20 09:22:22.249, 57, 33.85 W, 23552 MiB, 3 %, 1732 MHz, 14001 MHz
2026/07/20 09:22:27.249, 57, 32.59 W, 23552 MiB, 2 %, 1710 MHz, 14001 MHz
2026/07/20 09:22:32.250, 57, 34.87 W, 23552 MiB, 3 %, 1710 MHz, 14001 MHz
2026/07/20 09:22:37.254, 57, 35.19 W, 23552 MiB, 14 %, 1807 MHz, 14001 MHz
2026/07/20 09:22:42.256, 57, 35.15 W, 23552 MiB, 9 %, 1785 MHz, 14001 MHz
2026/07/20 09:22:47.257, 57, 32.55 W, 23552 MiB, 3 %, 1770 MHz, 14001 MHz
2026/07/20 09:22:52.257, 57, 34.35 W, 23552 MiB, 2 %, 1747 MHz, 14001 MHz
2026/07/20 09:22:57.258, 57, 32.33 W, 23552 MiB, 2 %, 1725 MHz, 14001 MHz
2026/07/20 09:23:02.259, 57, 32.24 W, 23552 MiB, 6 %, 1755 MHz, 14001 MHz
2026/07/20 09:23:07.259, 57, 33.23 W, 23552 MiB, 1 %, 1687 MHz, 14001 MHz
2026/07/20 09:23:12.260, 57, 33.41 W, 23552 MiB, 4 %, 1717 MHz, 14001 MHz
2026/07/20 09:23:17.260, 57, 32.00 W, 23552 MiB, 4 %, 1732 MHz, 14001 MHz
2026/07/20 09:23:22.261, 57, 33.29 W, 23552 MiB, 1 %, 1695 MHz, 14001 MHz
2026/07/20 09:23:27.262, 57, 31.72 W, 23552 MiB, 3 %, 1740 MHz, 14001 MHz
2026/07/20 09:23:32.262, 57, 33.47 W, 23552 MiB, 3 %, 1732 MHz, 14001 MHz
2026/07/20 09:23:37.263, 56, 31.80 W, 23552 MiB, 2 %, 1710 MHz, 14001 MHz
2026/07/20 09:23:42.264, 56, 31.69 W, 23552 MiB, 2 %, 1717 MHz, 14001 MHz
2026/07/20 09:23:47.264, 56, 34.91 W, 23552 MiB, 3 %, 1792 MHz, 14001 MHz
2026/07/20 09:23:52.265, 56, 31.39 W, 23552 MiB, 2 %, 1665 MHz, 14001 MHz
2026/07/20 09:23:57.265, 63, 97.22 W, 23552 MiB, 47 %, 2362 MHz, 14001 MHz
2026/07/20 09:24:02.266, 67, 95.19 W, 23552 MiB, 43 %, 2310 MHz, 14001 MHz
2026/07/20 09:24:07.267, 62, 35.12 W, 23552 MiB, 4 %, 1755 MHz, 14001 MHz
2026/07/20 09:24:12.268, 61, 33.58 W, 23552 MiB, 3 %, 1762 MHz, 14001 MHz
2026/07/20 09:24:17.269, 60, 36.20 W, 23552 MiB, 2 %, 1747 MHz, 14001 MHz
2026/07/20 09:24:22.269, 59, 33.56 W, 23552 MiB, 4 %, 1762 MHz, 14001 MHz
2026/07/20 09:24:27.271, 59, 34.18 W, 23552 MiB, 4 %, 1740 MHz, 14001 MHz
2026/07/20 09:24:32.271, 59, 35.03 W, 23552 MiB, 10 %, 1800 MHz, 14001 MHz
2026/07/20 09:24:37.272, 58, 33.93 W, 23552 MiB, 4 %, 1770 MHz, 14001 MHz
2026/07/20 09:24:42.273, 58, 34.39 W, 23552 MiB, 6 %, 1762 MHz, 14001 MHz
2026/07/20 09:24:47.273, 58, 35.53 W, 23552 MiB, 2 %, 1725 MHz, 14001 MHz
2026/07/20 09:24:52.274, 58, 34.65 W, 23552 MiB, 2 %, 1740 MHz, 14001 MHz
2026/07/20 09:24:57.275, 58, 35.29 W, 23552 MiB, 6 %, 1755 MHz, 14001 MHz
2026/07/20 09:25:02.275, 58, 33.80 W, 23552 MiB, 2 %, 1747 MHz, 14001 MHz
2026/07/20 09:25:07.276, 58, 35.38 W, 23552 MiB, 4 %, 1747 MHz, 14001 MHz
2026/07/20 09:25:12.276, 58, 36.88 W, 23552 MiB, 2 %, 1815 MHz, 14001 MHz
2026/07/20 09:25:17.277, 57, 32.87 W, 23552 MiB, 8 %, 1717 MHz, 14001 MHz
2026/07/20 09:25:22.278, 58, 34.49 W, 23552 MiB, 6 %, 1725 MHz, 14001 MHz
2026/07/20 09:25:27.278, 57, 34.07 W, 23552 MiB, 2 %, 1710 MHz, 14001 MHz
2026/07/20 09:25:32.279, 58, 35.80 W, 23552 MiB, 5 %, 1747 MHz, 14001 MHz
2026/07/20 09:25:37.279, 57, 34.79 W, 23552 MiB, 2 %, 1792 MHz, 14001 MHz
2026/07/20 09:25:42.280, 58, 34.40 W, 23552 MiB, 5 %, 1785 MHz, 14001 MHz
2026/07/20 09:25:47.280, 57, 31.90 W, 23552 MiB, 5 %, 1747 MHz, 14001 MHz
2026/07/20 09:25:52.281, 57, 32.15 W, 23552 MiB, 5 %, 1732 MHz, 14001 MHz
2026/07/20 09:25:57.282, 57, 34.85 W, 23552 MiB, 1 %, 1755 MHz, 14001 MHz
2026/07/20 09:26:02.282, 57, 32.02 W, 23552 MiB, 5 %, 1710 MHz, 14001 MHz
2026/07/20 09:26:07.283, 57, 31.26 W, 23552 MiB, 3 %, 1695 MHz, 14001 MHz
2026/07/20 09:26:12.283, 58, 34.46 W, 23552 MiB, 6 %, 1725 MHz, 14001 MHz
2026/07/20 09:26:17.284, 57, 31.64 W, 23552 MiB, 3 %, 1717 MHz, 14001 MHz
2026/07/20 09:26:22.284, 58, 33.29 W, 23552 MiB, 6 %, 1740 MHz, 14001 MHz
2026/07/20 09:26:27.285, 57, 30.60 W, 23552 MiB, 1 %, 1687 MHz, 14001 MHz
2026/07/20 09:26:32.286, 57, 32.12 W, 23552 MiB, 3 %, 1740 MHz, 14001 MHz
2026/07/20 09:26:37.286, 57, 33.68 W, 23552 MiB, 5 %, 1777 MHz, 14001 MHz
2026/07/20 09:26:42.287, 57, 31.02 W, 23552 MiB, 2 %, 1687 MHz, 14001 MHz
2026/07/20 09:26:47.287, 57, 32.27 W, 23552 MiB, 2 %, 1717 MHz, 14001 MHz
2026/07/20 09:26:52.289, 66, 106.52 W, 23552 MiB, 44 %, 2445 MHz, 14001 MHz
2026/07/20 09:26:57.289, 67, 94.07 W, 23552 MiB, 32 %, 2355 MHz, 14001 MHz
